RMSE,MAE,R2,Optimizer,Best_Params,Best_Score,Actual_Power,Predicted_Power,Error
0.16854326830428354,0.13709933300470487,0.2814993444369912,Hybrid GWOA+WOA,"[0.430030398112666, 0.8979971248671867, 0.19722637354974232, 0.2625710829297856]",0.002759699439069541,0.3448275862068965,0.2982818,0.04654579738090775
,,,,,,0.3793103448275862,0.3308079,0.04850245035927869
,,,,,,0.41379310344827586,0.3642229,0.04957018946779185
,,,,,,0.44827586206896547,0.39859655,0.04967930707438234
,,,,,,0.4827586206896552,0.43188083,0.05087778897121037
,,,,,,0.5172413793103449,0.46401536,0.05322601466343324
,,,,,,0.5517241379310345,0.49337018,0.058353962569401174
,,,,,,0.5862068965517242,0.520184,0.0660229160867889
,,,,,,0.6206896551724138,0.5442459,0.07644375644881152
,,,,,,0.6551724137931035,0.5657912,0.08938122412254079
,,,,,,0.6896551724137931,0.5842372,0.10541795451065594
,,,,,,0.7241379310344828,0.5998596,0.12427833573571567
,,,,,,0.7586206896551725,0.61289984,0.1457208497770902
,,,,,,0.7931034482758621,0.62419736,0.1689060844224075
,,,,,,0.8275862068965517,0.6349279,0.19265827844882832
,,,,,,0.8620689655172414,0.6453332,0.21673579462643333
,,,,,,0.896551724137931,0.6553924,0.24115931576695937
,,,,,,0.9310344827586207,0.66525424,0.2657802474909815
,,,,,,0.9655172413793104,0.65471125,0.31080599488883187
,,,,,,1.0,0.6180796,0.38192039728164673
